data_hora;navegador;cpf;paciente;prontuario;itens;total;status;segundos;detalhe
06/10/2026 13:54:38;N1;02463901152;Thiago Vicente De Lima;2249;1;2960,00;cadastrado;124;
06/10/2026 13:56:30;N1;00531246507;Marlene Pereira Machado;1862;1;0,00;verificar;112;o orçamento não confirmou o salvamento (a página não saiu do cadastro)
06/10/2026 13:58:31;N1;55467512900;Sirley Rodrigues Da Costa Dias;1820;2;0,00;verificar;122;o orçamento não confirmou o salvamento (a página não saiu do cadastro)
06/10/2026 14:00:23;N1;01103951319;Silverlau Da Silva Monteiro;1889;1;0,00;verificar;112;o orçamento não confirmou o salvamento (a página não saiu do cadastro)
06/10/2026 14:02:16;N1;89288203168;Edriany Martins Da Silva;1929;1;0,00;verificar;112;o orçamento não confirmou o salvamento (a página não saiu do cadastro)
06/10/2026 14:04:08;N1;00524852189;Sonia Barros De Oliveira Da Silva;1897;1;0,00;verificar;112;o orçamento não confirmou o salvamento (a página não saiu do cadastro)
06/10/2026 14:06:04;N1;01231856106;Taciano Ferreira Dos Santos;2184;1;0,00;verificar;116;o orçamento não confirmou o salvamento (a página não saiu do cadastro)
06/10/2026 14:08:11;N1;23517182087;Iraci Maria Pazine;1876;2;351,50;cadastrado;127;
06/10/2026 14:10:05;N1;70579254178;Vanessa Barbosa Silva;1986;1;0,00;verificar;114;o orçamento não confirmou o salvamento (a página não saiu do cadastro)
06/10/2026 14:11:57;N1;04039788664;Luiz Alfredo Maes Jr;2069;1;0,00;verificar;112;o orçamento não confirmou o salvamento (a página não saiu do cadastro)
06/10/2026 14:13:52;N1;59115858120;Vilmar Francisco Tavares;418;1;0,00;verificar;115;o orçamento não confirmou o salvamento (a página não saiu do cadastro)
06/10/2026 14:15:45;N1;02227140933;Jaime Schwaab;1892;1;0,00;verificar;113;o orçamento não confirmou o salvamento (a página não saiu do cadastro)
06/10/2026 14:17:38;N1;26723816153;Domilton Alves De Oliveira;1859;1;0,00;verificar;113;o orçamento não confirmou o salvamento (a página não saiu do cadastro)
06/10/2026 14:19:30;N1;99897946934;Claudemir Luis Scarini;2031;1;0,00;verificar;112;o orçamento não confirmou o salvamento (a página não saiu do cadastro)
06/10/2026 14:21:22;N1;12316474187;Suélio P. Freitas;1869;1;0,00;verificar;112;o orçamento não confirmou o salvamento (a página não saiu do cadastro)
06/10/2026 14:23:15;N1;04720257160;Ana Júlia Foletto;2026;1;0,00;verificar;112;o orçamento não confirmou o salvamento (a página não saiu do cadastro)
06/10/2026 14:25:23;N1;42078717053;Marcos Tadeu Cavalet;2154;2;0,01;cadastrado;128;
06/10/2026 14:27:16;N1;01743985142;Fernanda Silva Pereira;1824;1;0,00;verificar;113;o orçamento não confirmou o salvamento (a página não saiu do cadastro)
06/10/2026 14:29:08;N1;01729015107;Cintia Cruz Siqueira Cavalet;2434;1;0,00;verificar;112;o orçamento não confirmou o salvamento (a página não saiu do cadastro)
06/10/2026 14:31:01;N1;03591850101;Estéfane Pereira Leite Morbeck Barros;1867;1;0,00;verificar;113;o orçamento não confirmou o salvamento (a página não saiu do cadastro)
06/10/2026 14:32:54;N1;85074470153;Helismar De Sousa Silva;2062;1;0,00;verificar;113;o orçamento não confirmou o salvamento (a página não saiu do cadastro)
06/10/2026 14:34:52;N1;42517958149;Ivoneide De Paula E Silva;2542;1;185,00;cadastrado;119;
06/10/2026 14:36:45;N1;15303521850;Leandro De Toledo;2563;1;0,00;verificar;112;o orçamento não confirmou o salvamento (a página não saiu do cadastro)
06/10/2026 14:38:43;N1;03581422107;Ana Gabriela Da Silva Lopes;2572;1;170,20;cadastrado;118;
06/10/2026 14:40:36;N1;00641929110;Rubia Martins;2587;1;0,00;verificar;113;o orçamento não confirmou o salvamento (a página não saiu do cadastro)
06/10/2026 14:42:30;N1;00106940643;Rusley Pereira Dos Santos;2192;1;0,00;verificar;113;o orçamento não confirmou o salvamento (a página não saiu do cadastro)
06/10/2026 14:44:22;N1;65543009534;Mauro De Souza Oliveira;2162;1;0,00;verificar;112;o orçamento não confirmou o salvamento (a página não saiu do cadastro)
06/10/2026 14:46:22;N1;01764426185;Eliardo Rubens Martins De Jesus;2803;1;2220,00;cadastrado;120;
06/10/2026 14:48:20;N1;01330572165;Aparecida De Sousa Silva;2860;1;350,00;cadastrado;118;
06/10/2026 14:50:29;N1;04871287106;Douglas Barbosa Martins;2935;1;185,00;cadastrado;129;
06/10/2026 14:52:28;N1;39349799120;Uelio Borges Arantes;3013;1;999,00;cadastrado;119;
06/10/2026 14:54:20;N1;92434762115;Gracilda Mendonça Cabral;2952;1;0,00;verificar;112;o orçamento não confirmou o salvamento (a página não saiu do cadastro)
06/10/2026 14:56:20;N1;00208616136;Gilliard Gonçalves Santos Pereira;2060;1;250,00;cadastrado;121;
06/10/2026 14:58:22;N1;00128596139;Kamila Silva De Souza;2132;2;0,00;verificar;121;o orçamento não confirmou o salvamento (a página não saiu do cadastro)
06/10/2026 15:00:29;N1;71081291168;Fabrício Martins Ribeiro;3189;2;7000,00;cadastrado;127;
06/10/2026 15:02:27;N1;04728555658;Marlon Brando Geraldo Chaves;3190;1;195,00;cadastrado;118;
06/10/2026 15:04:26;N1;37922831153;Andre Luiz Abreu Ferreira;2287;1;4810,00;cadastrado;118;
06/10/2026 15:06:31;N1;70168116111;Adenilson Rodrigues Dias Filho;3313;1;1170,00;cadastrado;126;
06/10/2026 15:08:31;N1;24907618204;Renilton Dos Santos Fernandes;3339;1;5070,00;cadastrado;119;
06/10/2026 15:10:23;N1;90315901187;Daniel Mesquita Guimarães;2040;1;0,00;verificar;113;o orçamento não confirmou o salvamento (a página não saiu do cadastro)
06/10/2026 15:12:23;N1;43033806104;Elisabeth Maria De Freitas Oliveira;2633;1;195,00;cadastrado;119;
06/10/2026 15:14:22;N1;88836142168;Elias Braga De Souza;3512;1;200,00;cadastrado;119;
06/10/2026 15:16:30;N1;70026726653;Aurimar Miranda Lacerda Matias;3837;2;195,00;cadastrado;128;
06/10/2026 15:18:17;N1;80944620191;Ermenegildo Pereira De Lima;3067;4;1492,50;erro;107;item 4/4 'SESSÃO INDIVIDUAL': StaleElementReferenceException: stale element reference: stale element not found in the current frame
06/10/2026 15:20:15;N1;44878869100;Carlos Valdeci Bender;2742;1;2775,00;cadastrado;119;
06/10/2026 15:22:13;N1;90896270149;Meire Silveira Ferreira Muniz;4075;1;4440,00;cadastrado;118;
06/10/2026 15:24:14;N1;01851626140;Rhafael Pereira Barros;4071;1;3120,00;cadastrado;121;
06/10/2026 15:26:22;N1;26946696115;Ana Bete Ribeiro De Souza;4135;2;1272,80;cadastrado;128;
06/10/2026 15:28:21;N1;58750878115;Romeu Rocha Costa;4134;1;370,00;cadastrado;119;
06/10/2026 15:30:20;N1;03694084380;Jose Ribamar Almeida Pereira;4049;1;3315,00;cadastrado;119;
06/10/2026 15:32:20;N1;89795695134;Vladimir Caetano Dos Santos;4409;1;180,00;cadastrado;120;
06/10/2026 15:34:19;N1;05936538150;Marina Garcia De Pina Cabral;4404;1;3120,00;cadastrado;119;
06/10/2026 15:36:17;N1;81642938572;Jose Carlos Da Silva;4374;1;185,00;cadastrado;118;
06/10/2026 15:38:10;N1;01251462138;Kassia Kristiny De Oliveira Bessa;4549;1;3900,00;verificar;113;o orçamento não confirmou o salvamento (a página não saiu do cadastro)
06/10/2026 15:40:08;N1;03222615110;Gustavo Henrique Luiz Fonseca;4636;1;185,00;cadastrado;118;
06/10/2026 15:42:02;N1;75420732149;Lucas Esteves Melo;4651;1;555,00;verificar;113;o orçamento não confirmou o salvamento (a página não saiu do cadastro)
06/10/2026 15:44:00;N1;94764824191;Fernando Roberto De Moraes Rodrigues;4767;1;340,00;cadastrado;118;
06/10/2026 15:45:58;N1;06797958121;Gustavo Rueda Nascimento;4856;1;3510,00;cadastrado;118;
06/10/2026 15:48:06;N1;28490961808;Fausto Felix De Barros;4943;2;350,00;cadastrado;128;
06/10/2026 15:50:04;N1;83628568153;Flavio Carneiro De Souza;5083;1;1837,00;cadastrado;119;
06/10/2026 15:52:03;N1;86963945187;Carlos Dias Pereira;4831;1;900,00;cadastrado;118;
06/10/2026 15:54:02;N1;39141632168;Luiz Antônio Pires Santos;5522;1;740,00;cadastrado;119;
06/10/2026 15:56:16;N1;05480785133;Jessica Evangelista Da Silva;5497;1;1140,00;cadastrado;134;
06/10/2026 15:58:22;N1;21972176153;Dinaldo Serafim De Lima;5589;2;3760,26;cadastrado;126;
06/10/2026 16:00:21;N1;28769379807;Regiani Barbarelli Dercoli Da Costa;5652;1;1470,00;cadastrado;119;
06/10/2026 16:02:20;N1;49104497104;Joelita Cardoso De Souza;5721;1;1175,00;cadastrado;119;
06/10/2026 16:04:21;N1;63448084115;Helio Alves De Araujo;5831;1;5040,00;cadastrado;120;
06/10/2026 16:06:20;N1;02013199260;Rosineide Romão Da Silva;5894;1;360,00;cadastrado;119;
06/10/2026 16:08:27;N1;06249796606;Fernando Teixeira;2056;2;1576,63;cadastrado;128;
06/10/2026 16:10:26;N1;61894117115;Maurício Alves Do Nascimento;6410;1;940,00;cadastrado;119;
06/10/2026 16:12:25;N1;03561608159;Thaís Ferreira Melo Telles;6442;1;5145,00;cadastrado;119;
06/10/2026 16:14:24;N1;62623752362;Ana Karolayne Dutra Dos Santos;6521;1;795,00;cadastrado;118;
06/10/2026 16:16:32;N1;08054138121;Thawinne Tavares De Azeveda;3403;2;891,33;cadastrado;128;
06/10/2026 16:18:30;N1;71510940197;Luiz Andre Martins Trentin;7215;1;10575,00;cadastrado;119;
06/10/2026 16:20:29;N1;55248063949;Marcos Antonio Dewes;7191;1;455,70;cadastrado;118;
